20k.png,0
30mph-speed-limit-sign-h2bwfb.png,1
brighton+introduces+20mph+speed+limit_2726_801523400_0_0_7051984_300.png,0
Captura de pantalla_2017-01-02_00-23-25.png,40
Captura de pantalla_2017-01-02_00-23-58.png,13
Captura de pantalla_2017-01-02_00-24-12.png,33
Captura de pantalla_2017-01-02_00-24-58.png,27
Captura de pantalla_2017-01-02_00-28-50.png,3
Captura de pantalla_2017-01-02_00-30-57.png,25
Captura de pantalla_2017-01-02_00-31-32.png,26
Captura de pantalla_2017-01-02_00-31-50.png,2
Captura de pantalla_2017-01-02_00-32-22.png,36
Captura de pantalla_2017-01-02_00-32-59.png,1
Captura de pantalla_2017-01-02_00-35-58.png,3
Captura de pantalla_2017-01-02_00-36-16.png,26
Captura de pantalla_2017-01-02_00-39-04.png,35
Captura de pantalla_2017-01-02_00-39-39.png,11
Captura de pantalla_2017-01-02_00-40-16.png,27
Captura de pantalla_2017-01-02_00-44-15.png,36
Captura de pantalla_2017-01-02_00-44-51.png,27
Captura de pantalla_2017-01-02_00-46-56.png,2
Captura de pantalla_2017-01-02_00-47-48.png,35
Captura de pantalla_2017-01-02_00-49-09.png,31
Captura de pantalla_2017-01-02_00-50-14.png,33
Captura de pantalla_2017-01-02_00-51-47.png,25
Captura de pantalla_2017-01-02_00-52-36.png,11
Captura de pantalla_2017-01-02_00-53-32.png,25
Captura de pantalla_2017-01-02_00-56-28.png,25
images (1).png,17
images 30.png,1
images 30_rot.png,1
images.png,21
\.png,38
se.png,12
stop_sign_country_road.png,14
stream_img.png,0